step,n_measurements,n_landmarks,pose_error_m,heading_error_rad,pose_uncertainty,nees_pose,avg_landmark_error_m,max_landmark_error_m,avg_landmark_uncertainty,max_landmark_uncertainty
0,14,14,0.115671,0.014611,0.148345,1.216345,1.910648,6.404896,4.739331,8.793923
1,14,14,0.070525,0.068532,0.198171,0.260526,1.489679,5.02758,2.809755,5.237831
2,14,14,0.025898,0.085089,0.229338,0.026487,1.500712,4.522829,1.995971,3.553192
3,14,14,0.137671,0.073087,0.249642,0.565133,1.400032,3.18449,1.560048,2.843384
4,13,14,0.083712,0.067116,0.264628,0.223656,1.148685,2.257624,1.283448,2.382085
5,12,14,0.165073,0.031156,0.27645,0.619399,0.806278,2.554585,1.106036,2.056788
6,9,14,0.097111,0.049418,0.289097,0.191454,0.748364,2.223369,1.003338,1.969014
7,9,14,0.331846,0.048595,0.299148,2.036451,0.714395,2.075106,0.936871,1.919357
8,9,14,0.17397,0.067588,0.305914,0.673922,0.655888,1.599201,0.886477,1.881797
9,9,14,0.351285,0.055406,0.310815,2.543826,0.613493,1.773752,0.842902,1.846436
10,8,14,0.281258,0.012899,0.323507,1.214332,0.547429,1.696272,0.81037,1.820805
11,7,14,0.363454,0.025848,0.335564,1.824133,0.5557,1.757532,0.784908,1.798206
12,6,14,0.300272,0.064865,0.347159,1.11961,0.55324,1.551054,0.766732,1.781864
13,6,14,0.512671,0.079229,0.35677,3.388858,0.584723,1.851511,0.751331,1.768208
14,6,14,0.536877,0.056845,0.364477,3.220447,0.564756,1.55541,0.738499,1.75691
15,6,14,0.578095,0.089053,0.371114,3.504414,0.561167,1.431214,0.727429,1.747455
16,6,14,0.510731,0.027217,0.376996,2.600969,0.57415,1.387113,0.717229,1.73846
17,6,14,0.523398,0.000618,0.381662,2.645954,0.562321,1.306796,0.707379,1.729202
18,6,14,0.482076,0.039583,0.385248,2.188457,0.53842,1.140191,0.698944,1.721608
19,6,14,0.610677,0.094354,0.388977,3.405458,0.519106,1.141994,0.691117,1.714443
20,6,14,0.809928,0.084059,0.392553,6.325661,0.521857,1.047122,0.683921,1.707737
21,6,14,0.742532,0.011598,0.395826,5.70517,0.511174,1.078822,0.677471,1.701679
22,6,14,0.83581,0.080306,0.398563,7.341096,0.533182,1.243836,0.671654,1.696259
23,6,14,0.662595,0.006663,0.400632,5.640871,0.545066,1.316085,0.666947,1.692209
24,5,14,0.614834,0.076154,0.409522,3.536967,0.531319,1.137785,0.662889,1.688817
25,5,14,0.707626,0.042498,0.416749,6.584838,0.524231,1.074566,0.658858,1.685231
26,5,14,0.44575,0.073,0.423015,3.195896,0.53136,1.10698,0.655113,1.681882
27,6,14,0.444982,0.048404,0.418461,3.29412,0.552086,1.235507,0.651492,1.678662
28,6,14,0.160168,0.050142,0.416999,0.427173,0.579061,1.377455,0.648245,1.675741
29,8,14,0.273962,0.018385,0.40314,1.734344,0.533525,1.126906,0.640337,1.671995
30,8,14,0.178509,0.034161,0.39622,0.628434,0.53595,1.040016,0.63352,1.668721
31,8,14,0.125844,0.012185,0.392314,0.412802,0.536805,1.022279,0.62727,1.665518
32,8,14,0.10647,0.046314,0.389069,0.234955,0.532583,1.087016,0.621713,1.662721
33,8,14,0.186605,0.089118,0.386686,0.632495,0.545169,1.08814,0.61689,1.660551
34,8,14,0.336815,0.070899,0.384705,2.251792,0.525259,1.063167,0.612438,1.658482
35,8,14,0.263731,0.082833,0.383385,1.608079,0.51992,1.024919,0.608274,1.656365
36,8,14,0.469248,0.02693,0.382475,4.706902,0.507764,1.078646,0.604197,1.654081
37,9,14,0.359427,0.038975,0.37013,2.392711,0.530483,1.150031,0.587596,1.484122
38,9,14,0.36222,0.016378,0.363815,3.21415,0.567327,1.319565,0.575141,1.365091
39,9,14,0.48499,0.03734,0.360959,5.331039,0.562467,1.405159,0.563952,1.32261
40,8,14,0.292401,0.003689,0.364539,1.340355,0.585214,1.537667,0.560547,1.321011
41,9,14,0.50279,0.041727,0.362017,2.946019,0.582079,1.425569,0.55093,1.317401
42,11,14,0.37671,0.048875,0.345625,2.326127,0.577833,1.728643,0.521763,1.118626
43,9,14,0.343432,0.009348,0.348855,1.946738,0.575688,1.851186,0.5138,1.113146
44,11,14,0.440952,0.012215,0.341692,2.887799,0.549535,1.855035,0.493837,1.110015
45,10,14,0.370002,0.010546,0.34162,1.925661,0.497702,1.791779,0.48251,1.108325
46,10,14,0.300132,0.030585,0.342136,1.431944,0.50016,1.774021,0.473635,1.106956
47,10,14,0.231172,0.010641,0.342273,1.14646,0.493074,1.824936,0.465986,1.105588
48,12,14,0.30456,0.023387,0.334147,1.473506,0.540125,1.718158,0.44399,0.959089
49,12,14,0.270367,0.006779,0.331231,1.033906,0.536119,1.744565,0.428141,0.922086
50,12,14,0.222422,0.023686,0.330111,0.915026,0.552321,1.531684,0.415196,0.89037
51,13,15,0.293387,0.034225,0.32975,1.229888,0.708245,2.547178,0.983379,9.089667
52,12,15,0.208983,0.018732,0.329113,0.705856,0.693231,2.755053,0.967742,8.988162
53,13,15,0.368702,0.072543,0.328817,2.350519,0.567989,1.600477,0.675823,4.729636
54,13,15,0.4868,0.009176,0.328527,3.68471,0.578806,2.091037,0.566636,3.209902
55,13,15,0.304371,0.011887,0.328386,1.531995,0.602527,2.318498,0.514473,2.525084
56,13,15,0.296082,0.051385,0.32808,1.575861,0.571509,2.102032,0.480131,2.101371
57,14,15,0.385791,0.021299,0.321486,2.627022,0.55309,1.289185,0.448192,1.81835
58,14,15,0.376301,0.001638,0.319846,2.392678,0.518774,1.525357,0.424288,1.606681
59,14,15,0.457352,0.016742,0.319358,3.640965,0.518761,1.397233,0.406579,1.455748
60,14,15,0.438307,0.040133,0.319103,3.592523,0.544978,1.849162,0.392019,1.336845
61,14,15,0.552111,0.015435,0.319439,5.866011,0.51179,1.761493,0.37973,1.240763
62,15,15,0.521044,0.027148,0.313583,4.975103,0.463523,1.300121,0.368624,1.159917
63,15,15,0.523409,0.008798,0.310886,5.09878,0.415602,0.961172,0.358644,1.091884
64,15,15,0.45271,0.037926,0.309107,3.789673,0.398021,0.817176,0.349331,1.030785
65,15,15,0.405974,0.024199,0.307659,3.03116,0.410716,0.88175,0.340736,0.976342
66,14,15,0.435753,0.055562,0.310429,3.419876,0.399178,0.905502,0.33333,0.930195
67,14,15,0.511844,0.022808,0.31169,5.509357,0.405107,0.92315,0.326712,0.890046
68,14,15,0.596977,0.014938,0.312761,6.759168,0.404632,0.884716,0.320621,0.854499
69,14,15,0.598602,0.066079,0.314001,6.652979,0.425612,0.876537,0.314783,0.822472
70,14,15,0.579235,0.045662,0.314813,5.989143,0.412898,0.931545,0.309827,0.795704
71,14,15,0.608403,0.012727,0.315158,6.453184,0.401499,0.909876,0.305038,0.770465
72,14,15,0.436758,0.017085,0.315266,3.390301,0.392496,0.908624,0.300549,0.747565
73,14,15,0.515703,0.020037,0.315043,5.067275,0.398676,0.87996,0.29623,0.725895
74,14,15,0.414322,0.071091,0.315304,3.256597,0.383181,0.855491,0.292472,0.70774
75,14,15,0.489937,0.015424,0.315541,4.284402,0.385552,0.860994,0.289032,0.691368
76,14,15,0.52518,0.032928,0.315818,5.434966,0.382281,0.784911,0.28536,0.675117
77,14,15,0.448046,0.044915,0.315419,4.151005,0.407049,0.886983,0.282238,0.661029
78,14,15,0.355887,0.02388,0.315765,2.782597,0.430053,0.909053,0.279242,0.647966
79,14,15,0.466322,0.047389,0.31625,4.049838,0.438087,1.054538,0.276454,0.636009
80,14,15,0.527648,0.044762,0.316844,5.202296,0.463392,1.113327,0.273593,0.6245
81,14,15,0.333023,0.003982,0.317305,1.994969,0.447746,1.083807,0.270987,0.613991
82,14,15,0.252335,0.024986,0.317708,1.168215,0.423294,0.96256,0.268543,0.604312
83,14,15,0.459188,0.026543,0.31811,4.043769,0.402428,0.880123,0.26611,0.595176
84,14,15,0.166892,0.018573,0.318203,0.526866,0.417378,0.984853,0.263801,0.586351
85,14,15,0.232765,0.083171,0.317834,0.923172,0.436782,1.034803,0.261599,0.578066
86,14,15,0.316919,0.027736,0.317507,1.889564,0.42932,1.007125,0.25936,0.570003
87,14,15,0.411553,0.018514,0.317536,3.30253,0.426745,0.870123,0.257176,0.562111
88,14,15,0.368361,0.002655,0.317301,2.85297,0.408645,0.8449,0.255141,0.554707
89,14,15,0.481727,0.001689,0.316809,4.852225,0.425919,0.856575,0.253094,0.547349
90,14,15,0.539484,0.004771,0.31639,6.192704,0.401272,0.754466,0.251131,0.540333
91,14,15,0.60313,0.021353,0.316399,6.928659,0.409645,0.770851,0.249234,0.533697
92,14,15,0.508811,0.001458,0.316516,4.540784,0.389767,0.775772,0.24743,0.527517
93,14,15,0.521167,0.001999,0.316339,4.937263,0.381877,0.714695,0.245625,0.52133
94,14,15,0.540922,0.009521,0.31567,5.444517,0.37069,0.695834,0.243755,0.51498
95,14,15,0.445804,0.012674,0.315063,3.557355,0.368615,0.712981,0.241889,0.508756
96,14,15,0.333251,0.018918,0.313812,1.909199,0.394105,0.746104,0.239956,0.502009
97,14,15,0.241184,0.046142,0.313158,1.282837,0.391738,0.721911,0.238075,0.495452
98,14,15,0.374987,0.044411,0.312436,3.050475,0.384761,0.683437,0.236228,0.488901
99,15,15,0.365178,0.037738,0.307928,2.969797,0.39905,0.669707,0.234173,0.482439
100,14,15,0.251229,0.025607,0.310431,1.509962,0.394567,0.601323,0.232507,0.47706
101,14,15,0.230093,0.015354,0.311553,0.911818,0.387511,0.584991,0.23092,0.471938
102,14,15,0.352768,0.029557,0.312132,2.200555,0.37123,0.590532,0.229333,0.466944
103,14,15,0.383068,0.031144,0.312937,2.504263,0.382124,0.6051,0.227808,0.462239
104,13,15,0.31311,0.013392,0.315169,1.622765,0.383552,0.564509,0.22644,0.457823
105,12,15,0.33284,0.015458,0.320358,1.837645,0.394074,0.563403,0.225025,0.453327
106,12,15,0.199307,0.019927,0.323287,0.732888,0.403156,0.581368,0.223528,0.44866
107,12,15,0.273793,0.079877,0.325266,1.483848,0.377097,0.50326,0.222049,0.444045
108,12,15,0.470251,0.066334,0.326984,3.572247,0.36726,0.529386,0.22061,0.439691
109,12,15,0.418401,0.020759,0.328219,2.961913,0.380506,0.542723,0.219344,0.435894
110,12,15,0.441591,0.075135,0.329167,3.989876,0.400116,0.588361,0.218155,0.432319
111,11,15,0.423151,0.087542,0.331462,4.175986,0.398953,0.584893,0.21711,0.428946
112,11,15,0.232326,0.017432,0.332687,1.064748,0.390093,0.567144,0.216088,0.425619
113,12,15,0.099759,0.066587,0.331721,0.219269,0.383876,0.54508,0.214979,0.422389
114,12,15,0.190799,0.037626,0.331511,0.61524,0.392213,0.552382,0.213886,0.419154
115,12,15,0.208098,0.055032,0.332177,1.005955,0.406418,0.595025,0.212777,0.416014
116,12,15,0.379213,0.044203,0.332845,3.402204,0.400674,0.556962,0.211696,0.412989
117,12,15,0.338868,0.006878,0.333857,2.625084,0.385033,0.550728,0.210611,0.410051
118,12,15,0.42116,0.021029,0.334793,3.022498,0.363989,0.560265,0.209556,0.407205
119,12,15,0.603149,0.006321,0.335795,6.452898,0.35938,0.54487,0.208537,0.404506
120,12,15,0.490857,0.004957,0.336525,5.338674,0.354707,0.523082,0.207603,0.402053
121,12,15,0.555854,0.004358,0.337336,6.737066,0.382448,0.549883,0.206682,0.399642
122,12,15,0.356317,0.033195,0.337648,2.860843,0.372377,0.572234,0.205837,0.397357
123,12,15,0.363149,0.050976,0.338193,2.571422,0.360613,0.562422,0.204935,0.39502
124,12,15,0.239308,0.009519,0.338824,0.79164,0.371421,0.537075,0.204048,0.392757
125,12,15,0.36955,0.020976,0.340025,2.168857,0.397486,0.551513,0.20313,0.390483
126,12,15,0.556493,0.080655,0.341308,5.401602,0.409554,0.564965,0.202246,0.388243
127,12,15,0.749398,0.085274,0.342637,10.04026,0.405896,0.562903,0.201335,0.386003
128,12,15,0.773275,0.004856,0.343443,11.195181,0.422367,0.589566,0.200612,0.384176
129,13,15,0.661107,0.001804,0.341484,7.677252,0.432502,0.635707,0.19979,0.382273
130,13,15,0.823848,0.030004,0.340319,11.597301,0.437135,0.640422,0.198928,0.380331
131,13,15,0.545358,0.010976,0.339254,4.878851,0.444805,0.736198,0.19805,0.378365
132,13,15,0.304173,0.016547,0.338687,1.962008,0.447447,0.703962,0.197188,0.376433
133,13,15,0.297,0.063938,0.337804,1.486002,0.45762,0.675922,0.196331,0.374421
134,13,15,0.595626,0.001894,0.337665,5.736918,0.467789,0.69037,0.195525,0.372548
135,13,15,0.440755,0.00939,0.337138,3.463345,0.457611,0.692625,0.194746,0.370705
136,13,15,0.395425,0.085769,0.336495,3.350395,0.428451,0.620361,0.193987,0.368906
137,13,15,0.401516,0.026142,0.335961,3.207132,0.421026,0.607698,0.193251,0.367115
138,13,15,0.397094,0.010494,0.335665,3.038586,0.423727,0.639459,0.192531,0.365382
139,13,15,0.388071,0.038928,0.335899,2.603712,0.421496,0.618638,0.191876,0.363797
140,13,15,0.457489,0.021679,0.335965,3.092918,0.457244,0.727363,0.191197,0.362147
141,13,15,0.415553,0.021211,0.33588,3.46317,0.436114,0.70808,0.190552,0.360576
142,13,15,0.581137,0.05218,0.33642,6.052326,0.431168,0.686801,0.18994,0.359073
143,13,15,0.564448,0.059824,0.33652,6.10999,0.445264,0.724111,0.189366,0.357656
144,13,15,0.492096,0.051125,0.336452,5.021701,0.420679,0.713795,0.188753,0.356158
145,13,15,0.559122,0.040815,0.336568,5.782103,0.434881,0.730101,0.188181,0.354747
146,13,15,0.440732,0.076763,0.336205,3.086283,0.461229,0.774493,0.18762,0.353342
147,13,15,0.514301,0.061596,0.336071,3.794337,0.491903,0.818312,0.187082,0.352007
148,12,15,0.413805,0.012692,0.338292,2.37509,0.504235,0.827612,0.186564,0.350735
149,12,15,0.396662,0.01022,0.339137,2.251781,0.485529,0.795323,0.186064,0.349504
150,13,15,0.366241,0.036208,0.337233,1.83853,0.467013,0.772025,0.185429,0.347958
151,12,15,0.415528,0.072037,0.339191,2.391806,0.482491,0.791815,0.184878,0.346605
152,12,15,0.442736,0.023157,0.340216,2.68884,0.48676,0.822785,0.184346,0.345265
153,12,15,0.454572,0.068729,0.340464,2.871152,0.503008,0.803451,0.183799,0.343894
154,12,15,0.343056,0.004051,0.340608,1.992929,0.49487,0.800395,0.18325,0.342495
155,12,15,0.309966,0.01013,0.341185,2.022963,0.484451,0.785571,0.182723,0.341171
156,12,15,0.473879,0.014701,0.341189,5.153822,0.486418,0.79834,0.182237,0.339911
157,12,15,0.432183,0.075798,0.34055,3.421365,0.507382,0.836378,0.181703,0.338507
158,13,15,0.330333,0.043753,0.33681,2.854962,0.493895,0.783874,0.181204,0.337235
159,12,15,0.264227,0.026256,0.338401,1.675846,0.490112,0.809104,0.180721,0.335952
160,12,15,0.141011,0.064386,0.338752,0.445718,0.486726,0.776955,0.180262,0.334755
161,12,15,0.217982,0.060529,0.339191,1.115346,0.509982,0.794019,0.179805,0.333551
162,12,15,0.436011,0.00704,0.339959,3.561857,0.52859,0.837914,0.179298,0.332254
163,12,15,0.636151,0.018794,0.340806,7.937655,0.560093,0.892102,0.17879,0.330987
164,12,15,0.370588,0.091691,0.340671,2.159645,0.537002,0.855704,0.178328,0.329829
165,12,15,0.471578,0.032019,0.34068,3.219464,0.528012,0.852434,0.177917,0.32879
166,12,15,0.575203,0.021154,0.340667,5.802993,0.550402,0.893765,0.177528,0.327804
167,12,15,0.758913,0.022407,0.340472,9.510394,0.545441,0.89418,0.17715,0.326824
168,12,15,0.700649,0.015172,0.340171,7.614905,0.554813,0.918609,0.176768,0.325834
169,12,15,0.777276,0.00504,0.339956,9.649425,0.560919,0.928905,0.176408,0.324893
170,12,15,0.571618,0.025024,0.339205,4.522342,0.562052,0.937989,0.176003,0.323829
171,11,15,0.42404,0.044727,0.341103,2.348031,0.542519,0.907122,0.175589,0.322724
172,11,15,0.22983,0.061582,0.341545,0.851536,0.560101,0.92483,0.175162,0.321548
173,11,15,0.351107,0.053855,0.342208,1.963416,0.560988,0.955825,0.174817,0.320568
174,11,15,0.366762,0.067507,0.342973,1.781915,0.562263,0.927269,0.174467,0.319643
175,11,15,0.36494,0.057247,0.343315,1.745805,0.56417,0.905957,0.174081,0.318574
176,11,15,0.366268,0.041623,0.344175,1.698807,0.555951,0.90319,0.173716,0.317606
177,11,15,0.306631,0.042228,0.344768,1.180319,0.542357,0.886251,0.173379,0.316678
178,11,15,0.483213,0.009727,0.345417,2.971278,0.527866,0.870305,0.173046,0.31577
179,11,15,0.408853,0.007642,0.345907,2.490882,0.533449,0.853599,0.172732,0.31493
180,10,15,0.454732,0.049655,0.349226,4.017432,0.534792,0.847051,0.172413,0.314062
181,10,15,0.493823,0.081057,0.350973,3.461972,0.513825,0.801268,0.172068,0.313107
182,10,15,0.457538,0.013171,0.352213,3.343861,0.505925,0.779061,0.171792,0.312335
183,10,15,0.555328,0.00892,0.354259,4.986974,0.473352,0.712387,0.171341,0.311359
184,9,15,0.792666,0.041489,0.358816,8.976143,0.474992,0.728069,0.171092,0.310595
185,9,15,0.777086,0.023383,0.361257,9.082705,0.479284,0.74209,0.170852,0.309892
186,9,15,0.535734,0.036333,0.361916,3.862024,0.475221,0.729607,0.170632,0.309171
187,9,15,0.462588,0.038841,0.362225,3.048419,0.474103,0.714316,0.170396,0.308394
188,9,15,0.350789,0.021325,0.362413,1.4085,0.481634,0.714786,0.17016,0.307642
189,11,15,0.367031,0.02361,0.353308,1.980243,0.463388,0.689147,0.169692,0.306606
190,10,15,0.367848,0.021979,0.35295,1.844811,0.453681,0.649247,0.169318,0.305746
191,11,15,0.599928,0.02809,0.348844,4.831697,0.450263,0.626993,0.16892,0.304809
192,11,15,0.470276,0.004493,0.347062,3.193044,0.438009,0.610564,0.168526,0.303878
193,11,15,0.3156,0.003186,0.345439,1.647838,0.421718,0.581184,0.168183,0.30308
194,10,15,0.415379,0.032091,0.346221,2.338497,0.412719,0.58784,0.167896,0.302346
195,10,15,0.44612,0.013334,0.346016,2.92008,0.417863,0.585614,0.16763,0.301651
196,9,15,0.451631,0.039566,0.349523,3.742177,0.417883,0.588888,0.167371,0.300953
197,9,15,0.405113,0.009696,0.351424,2.798568,0.414527,0.57909,0.167053,0.300053
198,9,15,0.525038,0.017082,0.352169,4.054831,0.432538,0.612001,0.166806,0.299333
199,9,15,0.487705,0.05818,0.352216,3.126942,0.437603,0.61465,0.166547,0.298568
200,9,15,0.448455,0.020134,0.353531,2.421264,0.445061,0.622517,0.166346,0.297941
201,12,15,0.437597,0.00422,0.344795,3.321484,0.43162,0.610149,0.166027,0.297046
202,12,15,0.569273,0.092545,0.342943,5.995005,0.42385,0.586857,0.165712,0.296158
203,10,15,0.551797,0.013588,0.345757,5.390056,0.424885,0.589156,0.165456,0.295369
204,10,15,0.598684,0.023149,0.347043,8.018554,0.426357,0.584961,0.165223,0.29464
205,9,15,0.476433,0.103547,0.349227,3.99956,0.429185,0.592042,0.164983,0.293876
206,8,15,0.407147,0.04622,0.352024,3.530709,0.408005,0.557169,0.164729,0.293061
207,8,15,0.36712,0.0854,0.353212,2.49422,0.405426,0.553694,0.164456,0.292221
208,8,15,0.495137,0.051701,0.353458,5.380012,0.403021,0.55035,0.164285,0.291679
209,8,15,0.575637,0.081798,0.35347,8.679688,0.389508,0.52674,0.16414,0.291223
210,7,15,0.436558,0.049935,0.356481,4.897806,0.397307,0.536998,0.163984,0.290698
211,6,15,0.413502,0.016314,0.360118,3.468446,0.41488,0.563906,0.163793,0.290101
212,6,15,0.480278,0.005962,0.361321,4.08981,0.406598,0.550016,0.163608,0.289534
213,7,15,0.337453,0.075554,0.359187,1.8544,0.412336,0.558853,0.163409,0.288937
214,7,15,0.402364,0.0397,0.357989,1.94069,0.423169,0.575569,0.163229,0.288398
215,6,15,0.38857,0.021527,0.359445,2.072516,0.422288,0.573631,0.163084,0.287956
216,7,15,0.610405,0.10178,0.357098,4.637363,0.425933,0.579506,0.162872,0.287334
217,8,15,0.494859,0.046248,0.35267,3.745575,0.424371,0.57705,0.162727,0.286912
218,8,15,0.423474,0.001579,0.351373,2.624917,0.437951,0.59978,0.162526,0.286341
219,7,15,0.508225,0.008743,0.353879,3.333567,0.447709,0.615354,0.162326,0.28576
220,7,15,0.424877,0.026097,0.354977,2.551291,0.440016,0.604136,0.162151,0.285261
221,7,15,0.290379,0.008406,0.355215,1.855587,0.431254,0.59173,0.161989,0.284794
222,7,15,0.479428,0.010658,0.355301,2.832222,0.422614,0.57874,0.161828,0.284324
223,7,15,0.326633,0.040997,0.355198,1.223167,0.430002,0.58896,0.16169,0.283911
224,6,15,0.349566,0.055748,0.357467,1.739874,0.417303,0.570173,0.161561,0.283534
225,6,15,0.38621,0.024826,0.357933,1.868406,0.421234,0.576148,0.161431,0.283161
226,6,15,0.4399,0.018289,0.357965,2.207827,0.415647,0.567261,0.161311,0.28282
227,6,15,0.522819,0.044052,0.357741,3.440568,0.428657,0.586816,0.161196,0.282496
228,6,15,0.352198,0.023311,0.357127,1.590219,0.433858,0.596759,0.161044,0.282068
229,6,15,0.625905,0.001635,0.357296,7.61205,0.438494,0.603509,0.160909,0.281708
230,6,15,0.345753,0.079923,0.356546,2.611591,0.441227,0.607425,0.160776,0.281344
231,7,15,0.146777,0.106581,0.353864,0.330565,0.437639,0.60238,0.160642,0.280985
232,7,15,0.384257,0.065658,0.353048,2.506895,0.427216,0.587464,0.160512,0.280648
233,7,15,0.277891,0.064253,0.352452,1.912873,0.432226,0.594464,0.160377,0.28029
234,7,15,0.298579,0.144839,0.352594,1.364147,0.443607,0.611302,0.160243,0.279931
235,7,15,0.336341,0.091041,0.352872,2.791684,0.437365,0.601611,0.160105,0.279581
236,7,15,0.596284,0.053105,0.35166,6.643515,0.444478,0.611008,0.159979,0.279256
237,7,15,0.560142,0.021045,0.34992,7.052173,0.441099,0.604223,0.159838,0.278919
238,7,15,0.425044,0.002384,0.348641,3.270497,0.417647,0.567264,0.159664,0.278488
239,7,15,0.242106,0.013953,0.348579,1.108959,0.419791,0.571904,0.159526,0.278132
240,7,15,0.323399,0.023227,0.349346,2.51497,0.422872,0.575425,0.159372,0.277753
241,7,15,0.178314,0.01353,0.348338,0.497308,0.423281,0.575424,0.159251,0.277464
242,7,15,0.165907,0.002341,0.348032,0.571613,0.424333,0.575905,0.159126,0.277156
243,7,15,0.355076,0.061345,0.347664,3.292636,0.420833,0.570743,0.158948,0.276758
244,7,15,0.222826,0.054851,0.346382,1.311405,0.405949,0.548275,0.158781,0.276365
245,7,15,0.353637,0.024537,0.348989,3.360311,0.414661,0.560474,0.158575,0.275888
246,7,15,0.482653,0.088635,0.349752,5.711436,0.41122,0.55467,0.158356,0.2754
247,6,15,0.314769,0.057093,0.360988,2.35883,0.415342,0.561422,0.15824,0.275146
248,6,15,0.173346,0.00982,0.36756,0.628411,0.410425,0.554327,0.158114,0.274855
249,6,15,0.262109,0.022203,0.371134,0.713049,0.406049,0.547662,0.157984,0.274549
250,6,15,0.342809,0.079361,0.372956,1.351421,0.399249,0.536933,0.157862,0.274285
251,7,15,0.327633,0.024571,0.372328,1.402365,0.396131,0.531691,0.157736,0.274047
252,9,15,0.438239,0.075925,0.368238,2.426466,0.392411,0.541362,0.157491,0.273613
253,9,15,0.37589,0.027206,0.367884,2.104769,0.387723,0.556167,0.157339,0.273326
254,7,15,0.457407,0.039483,0.370861,2.827665,0.385266,0.553787,0.157205,0.273069
255,7,15,0.343368,0.036947,0.37246,1.713803,0.402058,0.579925,0.157075,0.27278
256,7,15,0.577037,0.002551,0.373698,5.934933,0.401606,0.580087,0.156932,0.272467
257,7,15,0.340115,0.031306,0.373908,2.041998,0.393894,0.567627,0.156811,0.272209
258,9,15,0.315987,0.029161,0.369797,2.494914,0.396127,0.55979,0.156658,0.271941
259,9,15,0.322539,0.014173,0.36875,2.335172,0.387266,0.542598,0.156479,0.27163
260,9,15,0.420752,0.018929,0.368764,3.989501,0.379714,0.541898,0.15631,0.271332
261,8,15,0.413959,0.054912,0.370685,3.883352,0.375344,0.512581,0.156167,0.271067
262,8,15,0.2726,0.009439,0.371417,1.490058,0.370344,0.508746,0.156006,0.270753
263,9,15,0.334234,0.039336,0.369434,2.367871,0.375534,0.511676,0.155841,0.270452
264,9,15,0.602213,0.002874,0.368729,5.042854,0.368855,0.495725,0.155672,0.270155
265,9,15,0.487711,0.015045,0.368859,3.505348,0.362366,0.486074,0.15552,0.269867
266,9,15,0.378802,0.028956,0.36838,2.860727,0.353157,0.455225,0.155377,0.269628
267,9,15,0.344953,0.09746,0.36858,2.581315,0.34483,0.424464,0.15522,0.269349
268,9,15,0.331345,0.070662,0.368692,1.677472,0.356129,0.46196,0.154985,0.268864
269,9,15,0.235178,0.005393,0.368121,1.093195,0.355041,0.463741,0.154839,0.268605
270,8,15,0.199195,0.009216,0.369761,0.603259,0.344484,0.42806,0.154675,0.268297
271,8,15,0.434588,0.007707,0.370378,3.769753,0.344978,0.431046,0.154527,0.268033
272,8,15,0.236696,0.012637,0.370102,1.354035,0.344357,0.430318,0.154323,0.267645
273,8,15,0.179582,0.007339,0.370101,0.769003,0.328155,0.414931,0.154166,0.267378
274,8,15,0.102483,0.040315,0.370484,0.225845,0.320468,0.410957,0.154031,0.267123
275,9,15,0.083077,0.087708,0.366355,0.075113,0.320954,0.411529,0.153754,0.266577
276,9,15,0.022357,0.093942,0.366538,0.006409,0.316892,0.410625,0.153618,0.266334
277,9,15,0.086969,0.060339,0.36708,0.140572,0.309871,0.409642,0.153477,0.266078
278,9,15,0.250268,0.035776,0.366926,1.348126,0.31695,0.409948,0.153277,0.265706
279,9,15,0.332515,0.046396,0.365108,2.420096,0.325257,0.414878,0.153098,0.265387
280,7,15,0.404746,0.02708,0.381113,1.926036,0.340023,0.4307,0.152991,0.265203
281,7,15,0.287274,0.03641,0.391006,0.815911,0.343759,0.433312,0.152901,0.265033
282,7,15,0.286872,0.011771,0.396348,1.261345,0.341099,0.429173,0.152808,0.264872
283,7,15,0.294557,0.03236,0.399358,1.343105,0.341583,0.434161,0.152714,0.264711
284,7,15,0.502517,0.046252,0.399276,4.536043,0.328699,0.423596,0.152605,0.264479
285,6,15,0.521061,0.012093,0.404871,3.627517,0.324,0.419909,0.152506,0.264299
286,6,15,0.376315,0.01365,0.408619,2.173609,0.323041,0.417816,0.152416,0.264118
287,8,15,0.521428,0.055457,0.405466,5.218291,0.322317,0.41624,0.152263,0.263888
288,6,15,0.492821,0.051376,0.410359,4.259993,0.327722,0.421025,0.152177,0.263719
289,6,15,0.680695,0.062385,0.413537,7.986619,0.328483,0.42166,0.152093,0.263572
290,6,15,0.372628,0.062027,0.415662,2.29758,0.328982,0.421566,0.152012,0.263415
291,6,15,0.327622,0.065162,0.417018,1.968606,0.331697,0.433501,0.151932,0.263257
292,6,15,0.532406,0.024726,0.418254,5.16164,0.324215,0.428076,0.151847,0.263101
293,8,15,0.61368,0.009783,0.413,7.02833,0.321121,0.42621,0.151747,0.262922
294,8,15,0.581867,0.02814,0.41128,6.559269,0.319475,0.414883,0.151646,0.262744
295,6,15,0.572685,0.044032,0.415383,5.981559,0.320359,0.415392,0.151562,0.262582
296,6,15,0.580808,0.059757,0.417765,6.158748,0.313953,0.407658,0.151476,0.262406
297,6,15,0.372885,0.006262,0.419287,2.509146,0.317952,0.411848,0.151391,0.26223
298,7,15,0.278547,0.010981,0.41771,1.097087,0.317969,0.412309,0.151271,0.26202
299,7,15,0.334693,0.025451,0.41775,1.500335,0.322736,0.418315,0.151157,0.261821
300,5,15,0.387568,0.072087,0.419145,1.573393,0.322435,0.417681,0.151075,0.261603
301,6,15,0.406895,0.01149,0.421195,1.41805,0.317332,0.413152,0.151004,0.261452
302,7,15,0.343292,0.032671,0.420657,1.492737,0.320051,0.415617,0.150876,0.26125
303,10,15,0.32629,0.057427,0.4141,0.973267,0.317703,0.417632,0.150735,0.261028
304,10,15,0.239877,0.005482,0.41188,0.659243,0.306547,0.406422,0.150617,0.260872
305,10,15,0.293612,0.006474,0.411137,1.834458,0.306344,0.423954,0.150479,0.260694
306,11,15,0.411003,0.057003,0.408084,3.687881,0.308621,0.425916,0.150335,0.260501
307,11,15,0.286558,0.040653,0.406689,1.386271,0.306846,0.428121,0.150188,0.26028
308,10,15,0.257105,0.040798,0.408742,1.284227,0.304237,0.425388,0.150085,0.260136
309,10,15,0.217109,0.001657,0.409046,0.540648,0.305953,0.441846,0.149984,0.259971
310,12,15,0.319181,0.025729,0.404935,1.441036,0.313959,0.437816,0.149794,0.259751
311,12,15,0.330093,0.020121,0.404106,1.877661,0.324716,0.461123,0.149642,0.259571
312,12,15,0.337298,0.041123,0.404246,1.853642,0.334891,0.483629,0.149475,0.259337
313,12,15,0.225821,0.057896,0.403593,0.714976,0.335786,0.471278,0.149311,0.259111
314,12,15,0.303609,0.023493,0.40442,2.16448,0.322881,0.442881,0.149123,0.258834
315,12,15,0.176112,0.011341,0.405453,0.469535,0.316562,0.413046,0.148968,0.258585
316,12,15,0.276913,0.015773,0.405275,1.389826,0.324737,0.426386,0.14884,0.258408
317,12,15,0.248985,0.03172,0.405399,1.481308,0.327175,0.434976,0.148701,0.258199
318,13,15,0.281064,0.0188,0.402425,1.941749,0.330086,0.450967,0.148523,0.257924
319,12,15,0.200077,0.004314,0.404292,0.980947,0.327988,0.450655,0.148398,0.257725
320,12,15,0.305382,0.022185,0.404637,2.03286,0.335387,0.457205,0.148278,0.257563
321,12,15,0.465767,0.014188,0.404969,5.396332,0.328105,0.444662,0.148171,0.257409
322,12,15,0.415333,0.016747,0.404877,4.31041,0.332877,0.460297,0.148067,0.257267
323,12,15,0.427179,0.026264,0.404086,4.43892,0.32861,0.444853,0.147973,0.25711
324,12,15,0.287602,0.011187,0.402266,1.894277,0.324889,0.437361,0.147872,0.256938
325,12,15,0.382223,0.010673,0.400794,3.704807,0.328857,0.446778,0.147756,0.256768
326,13,15,0.204576,0.018461,0.395422,1.068356,0.311337,0.421636,0.147512,0.256296
327,13,15,0.25954,0.058799,0.392284,1.556167,0.321209,0.440422,0.147311,0.255939
328,12,15,0.204395,0.00392,0.395462,0.879468,0.32537,0.430712,0.147202,0.255753
329,13,15,0.458937,0.008987,0.393174,5.22434,0.32189,0.421882,0.147038,0.255472
330,12,15,0.455907,0.039496,0.395885,5.046786,0.32086,0.430754,0.146942,0.255303
331,12,15,0.355115,0.046998,0.396307,2.848171,0.32469,0.427763,0.146867,0.255175
332,12,15,0.431539,0.03002,0.395342,3.243892,0.324894,0.428931,0.146789,0.255045
333,12,15,0.365891,0.000526,0.393536,2.532159,0.316803,0.41972,0.146697,0.254877
334,11,15,0.419654,0.047243,0.394323,2.862951,0.321523,0.415419,0.146616,0.254726
335,11,15,0.386773,0.007366,0.393704,3.113069,0.317835,0.417567,0.146531,0.254581
336,11,15,0.436329,0.034124,0.393229,4.039429,0.321018,0.424625,0.146449,0.254442
337,11,15,0.317849,0.023395,0.392795,1.15449,0.320438,0.433024,0.146369,0.254317
338,10,15,0.311225,0.019767,0.394027,0.976987,0.319032,0.431445,0.146307,0.254263
339,10,15,0.406364,0.038194,0.394431,1.844359,0.313197,0.418884,0.146221,0.254157
340,10,15,0.378673,0.09905,0.394698,1.627658,0.322323,0.430183,0.146131,0.254041
341,11,15,0.309327,0.02261,0.392386,1.080451,0.324648,0.431026,0.146069,0.253922
342,11,15,0.355599,0.057169,0.390379,1.141792,0.325687,0.428451,0.145999,0.253803
343,11,15,0.350901,0.0449,0.388968,1.700175,0.320446,0.427053,0.145942,0.253708
344,11,15,0.067163,0.026023,0.387447,0.043409,0.308848,0.421823,0.145801,0.253442
345,11,15,0.104905,0.003028,0.387698,0.10191,0.302687,0.418185,0.145672,0.253187
346,11,15,0.381439,0.017856,0.38824,1.997039,0.2955,0.410984,0.145557,0.252959
347,10,15,0.339385,0.039052,0.390879,2.517341,0.305358,0.415809,0.145449,0.252808
348,10,15,0.297386,0.024225,0.391607,2.173841,0.312385,0.417285,0.145371,0.252704
349,10,15,0.300443,0.022219,0.390578,1.123768,0.31168,0.426074,0.145292,0.252589
350,10,15,0.433008,0.093237,0.389471,2.189307,0.311233,0.42072,0.14525,0.252556
351,9,15,0.396293,0.001682,0.390068,2.6262,0.314148,0.426639,0.145204,0.252511
352,10,15,0.446087,0.025937,0.387348,3.455527,0.312408,0.424609,0.145137,0.252424
353,9,15,0.397217,0.00883,0.388078,1.928848,0.312612,0.414649,0.145102,0.252399
354,9,15,0.506184,0.00182,0.387121,3.480394,0.315907,0.425573,0.145055,0.252349
355,9,15,0.424535,0.041279,0.386345,2.811455,0.320944,0.427339,0.145013,0.25231
356,9,15,0.344911,0.032669,0.385509,2.271494,0.323807,0.438566,0.144963,0.252252
357,9,15,0.251128,0.004057,0.384779,1.366598,0.317334,0.415635,0.144883,0.252129
358,9,15,0.395608,0.02564,0.383966,3.242921,0.314138,0.416114,0.144822,0.252046
359,9,15,0.38804,0.001817,0.383216,3.483119,0.312196,0.418967,0.144784,0.252014
